id,intLeft,intRight
1,0.000000,0.833333
2,0.000000,0.300000
3,0.833333,1.000000
4,0.600000,1.000000
5,0.000000,0.250000
5,0.666667,1.000000
6,0.000000,0.200000
6,0.400000,0.600000
