id,intLeft,intRight
1101,0.48625538531189233,1.0
1749,0.0,0.07059041472438957
4285,0.07059041472438957,0.48625538531189233
