id,x1,x2
2029,0.0005436564201345,0.0075526311742363
3407,0.090652287740777,2.603752277236676e-05
3884,0.0008978677283408,0.0046162904096458
4096,5.443281656727312e-05,0.0128494313390648
4341,0.0002286672994983,0.0125004711325866
4496,0.0261139696587478,6.349360838220286e-05
4519,0.0151414373628735,0.0002703978444168
4788,0.0009518325852629,0.0008101568373778
