id,intLeft,intRight
19,0.934970,0.969925
44,0.432514,0.582939
53,0.205718,0.212319
53,0.273677,0.277473
88,0.399705,0.597719
136,0.345482,0.399705
214,0.614326,0.616138
214,0.678640,0.681374
655,0.597719,1.000000
683,0.000000,0.153708
707,0.254562,0.337135
735,0.648910,0.692292
755,0.153708,0.345482
