id,intLeft,intRight
3426,0.20497442289986006,1.0
5548,0.0,0.050632031089507645
5548,0.3582691373297068,0.4066917541591467
13499,0.0,0.12664807008636939
14783,0.0,0.20497442289986006
