id,x1,x2
3426,0.0,0.1032046597691776
5548,0.1350556959645028,0.0960018212273029
13499,0.18070585602659,0.0769998193890387
14783,0.2269713119663765,0.0446866510092253
