id,query_found
4729,"[0.21518973245715012, 0.7848102675428499, 0.0]"
5115,"[0.5, 0.49956213678004757, 0.00043786321995242794]"
5119,"[0.4283478337764067, 0.27725804732895515, 0.2943941188946382]"
7685,"[0.7453884160038293, 0.0, 0.2546115839961707]"
8683,"[0.5, 0.0, 0.5]"
8712,"[0.7379957037850589, 0.26200429621494103, 1.1102230246251565e-16]"
9331,"[0.0, 0.9056081533598205, 0.09439184664017952]"
