id,x1,x2,x3,pIndex,Volume,Relative Volume,Grid,Grid Denominator,Max Rank
4729,0.1371815703823461,0.0018677282781192,0.4426689840110118,1,0.00026,0.0002789460132177495,0.012195121951219513,82,1
5115,0.1207123187542988,0.0121080850448319,0.3549168966775978,1,0.0025,0.0026821732040168225,0.05,20,1
5119,0.0757063558636601,0.0699101270028604,0.3387657463638332,2,0.0022,0.002360312419534804,0.0625,16,2
7685,0.0426270919571669,0.2320531879987548,0.2613895119612813,1,0.00762,0.008175263925843276,0.125,8,1
8683,0.140343716378061,0.0480072674332283,0.0,1,0.22294,0.23918547764140416,0.3333333333333333,3,1
8712,0.0,0.1391974148910481,0.4108633975141795,1,0.02338,0.025083683803965327,0.07692307692307693,13,1
9331,0.1648712540109255,0.0,0.4144171594253886,1,0.001,0.001072869281606729,0.012195121951219513,82,1
