id,x1,x2,x3
4729,0.1371815703823461,0.0018677282781192,0.4426689840110118
5115,0.1207123187542988,0.0121080850448319,0.3549168966775978
5119,0.0757063558636601,0.0699101270028604,0.3387657463638332
7685,0.0426270919571669,0.2320531879987548,0.2613895119612813
8683,0.140343716378061,0.0480072674332283,0.0
8712,0.0,0.1391974148910481,0.4108633975141795
9331,0.1648712540109255,0.0,0.4144171594253886
