id,intLeft,intRight
4859,0.8233649334807027,1.0
8269,0.0,0.8233649334807027
