id,x1,x2
4859,0.0,0.0473044786577976
8269,0.0071487936706115,0.0139811632988552
