id,x1,x2
1101,0.0,0.0682271542207794
1749,0.1957383338166532,0.0184656569501286
4285,0.0400840621590131,0.0302878930923105
